Feature,Importance
RiwayatPinjaman,348475.11815483955
Pekerjaan,208270.93404920303
StatusPinjaman,166818.24719187975
TujuanPinjaman,155860.48483890409
Pendidikan,100389.53079049688
StatusPerkawinan,96238.39502403083
LamaBekerja,24564.470257964495
Umur,16808.873408303272
KodeKota,6428.616309157314
JumlahPinjaman,0.3846012757474558
