Feature,Importance
LamaBekerja,0.028021186537243798
Umur,0.007961027579334722
KodeKota,0.0026689083191888097
Pendapatan,2.222515436230371e-08
JumlahPinjaman,1.1389754238821407e-08
Pendidikan,0.0
StatusPerkawinan,0.0
Pekerjaan,0.0
TujuanPinjaman,0.0
RiwayatPinjaman,0.0
